DateTime,VoltagemV_0,ExternalTemp_0,Bypass_0,BalancemAh_0,VoltagemV_1,ExternalTemp_1,Bypass_1,BalancemAh_1
03-05-2022 10:26:40,3572,38,N,13,3503,27,N,98
03-05-2022 10:26:56,3573,37,N,13,3503,27,N,98
03-05-2022 10:27:11,3573,36,N,13,3503,27,N,98
03-05-2022 10:27:26,3573,36,N,13,3503,27,N,98
03-05-2022 10:27:41,3573,35,N,13,3503,27,N,98
03-05-2022 10:27:56,3573,34,N,13,3503,27,N,98
03-05-2022 10:28:11,3573,33,N,13,3503,26,N,98
03-05-2022 10:28:26,3573,32,N,13,3503,26,N,98
03-05-2022 10:28:41,3573,31,N,13,3503,26,N,98
03-05-2022 10:28:56,3573,31,N,13,3503,26,N,98
03-05-2022 10:29:12,3573,30,N,13,3503,26,N,98
03-05-2022 10:29:27,3573,30,N,13,3503,26,N,98
03-05-2022 10:29:42,3573,29,N,13,3503,26,N,98
03-05-2022 10:29:57,3573,29,N,13,3503,26,N,98
03-05-2022 10:30:12,3573,28,N,13,3503,26,N,98
03-05-2022 10:30:27,3573,28,N,13,3503,26,N,98
03-05-2022 10:30:42,3573,28,N,13,3503,26,N,98
03-05-2022 10:30:57,3573,28,N,13,3503,26,N,98
03-05-2022 10:31:12,3574,28,N,13,3503,26,N,98
03-05-2022 10:31:28,3573,28,N,13,3503,26,N,98
03-05-2022 10:31:43,3573,27,N,13,3503,26,N,98
03-05-2022 10:31:58,3574,27,N,13,3503,26,N,98
03-05-2022 10:32:13,3575,27,N,13,3503,26,N,98
03-05-2022 10:32:28,3573,27,N,13,3503,26,N,98
03-05-2022 10:32:43,3576,27,N,13,3503,26,N,98
03-05-2022 10:32:58,3573,27,N,13,3503,26,N,98
03-05-2022 10:33:14,3573,27,N,13
03-05-2022 10:33:29,3574,27,N,13,3503,26,N,98
03-05-2022 10:33:44,3574,27,N,13,3503,26,N,98
03-05-2022 10:33:59,3573,26,N,13,3503,26,N,98
03-05-2022 10:34:14,3573,26,N,13,3504,26,N,98
03-05-2022 10:34:29,3575,26,N,13,3503,26,N,98
03-05-2022 10:34:44,3574,26,N,13,3505,26,N,98
03-05-2022 10:34:59,3573,26,N,13,3503,26,N,98
03-05-2022 10:35:14,3577,26,N,13,3503,26,N,98
03-05-2022 10:35:30,3574,26,N,13,3503,26,N,98
03-05-2022 10:35:45,3575,26,N,13,3503,26,N,98
03-05-2022 10:36:00,3575,26,N,13,3503,26,N,98
03-05-2022 10:36:15,3575,26,N,13,3503,26,N,98
03-05-2022 10:36:30,3574,26,N,13,3503,26,N,98
03-05-2022 10:36:45,3574,26,N,13,3504,26,N,98
03-05-2022 10:37:00,3574,26,N,13,3504,26,N,98
03-05-2022 10:37:15,3574,26,N,13,3503,26,N,98
03-05-2022 10:37:31,3574,26,N,13,3503,26,N,98
03-05-2022 10:37:46,3573,26,N,13,3503,26,N,98
03-05-2022 10:38:01,3574,26,N,13,3504,26,N,98
03-05-2022 10:38:16,3575,26,N,13,3504,26,N,98
03-05-2022 10:38:31,3574,26,N,13,3504,26,N,98
03-05-2022 10:38:46,3574,26,N,13,3504,26,N,98
03-05-2022 10:39:01,3575,26,N,13,3503,26,N,98
03-05-2022 10:39:16,3574,26,N,13,3503,26,N,98
03-05-2022 10:39:31,3574,26,N,13,3503,26,N,98
03-05-2022 10:39:46,3574,26,N,13,3503,26,N,98
03-05-2022 10:40:02,3574,26,N,13,3503,26,N,98
03-05-2022 10:40:17,3573,26,N,13,3503,26,N,98
03-05-2022 10:40:32,3574,26,N,13,3503,26,N,98
03-05-2022 10:40:47,3576,26,N,13,3504,26,N,98
03-05-2022 10:41:02,3575,26,N,13,3503,26,N,98
03-05-2022 10:41:17,3574,26,N,13,3503,26,N,98
03-05-2022 10:41:32,3577,26,N,13,3503,26,N,98
03-05-2022 10:41:47,3575,26,N,13,3503,26,N,98
03-05-2022 10:42:02,3575,26,N,13,3504,26,N,98
03-05-2022 10:42:18,3573,26,N,13,3505,26,N,98
03-05-2022 10:42:33,3574,26,N,13,3503,26,N,98
03-05-2022 10:42:48,3574,26,N,13,3503,26,N,98
03-05-2022 10:43:03,3575,26,N,13,3503,26,N,98
03-05-2022 10:43:18,3575,26,N,13,3503,26,N,98
03-05-2022 10:43:33,3573,26,N,13,3506,26,N,98
03-05-2022 10:43:48,3574,26,N,13,3504,26,N,98
03-05-2022 10:44:21,3573,26,N,13,3503,26,N,98
03-05-2022 10:44:36,3574,26,N,13,3503,26,N,98
03-05-2022 10:44:51,3574,26,N,13,3503,26,N,98
03-05-2022 10:45:07,3574,26,N,13,3503,26,N,98
03-05-2022 10:45:22,3574,26,N,13,3504,26,N,98
03-05-2022 10:45:37,3574,26,N,13,3504,26,N,98
03-05-2022 10:45:52,3574,26,N,13,3506,26,N,98
03-05-2022 10:46:07,3575,26,N,13,3504,26,N,98
03-05-2022 10:46:22,3574,26,N,13,3506,26,N,98
03-05-2022 10:46:37,3574,26,N,13,3504,26,N,98
03-05-2022 10:46:52,3574,25,N,13,3505,26,N,98
03-05-2022 10:47:08,3574,25,N,13,3504,26,N,98
03-05-2022 10:47:23,3574,25,N,13,3505,26,N,98
03-05-2022 10:47:38,3574,25,N,13,3505,26,N,98
03-05-2022 10:47:53,3573,25,N,13,3505,26,N,98
03-05-2022 10:48:08,3574,25,N,13,3504,26,N,98
03-05-2022 10:48:23,3576,25,N,13,3504,26,N,98
03-05-2022 10:48:38,3573,25,N,13,3503,26,N,98
03-05-2022 10:48:53,3574,25,N,13,3504,26,N,98
03-05-2022 10:49:09,3574,25,N,13,3506,26,N,98
03-05-2022 10:49:24,3573,25,N,13,3503,26,N,98
03-05-2022 10:49:39,3574,25,N,13,3506,26,N,98
03-05-2022 10:49:54,3574,25,N,13,3503,26,N,98
03-05-2022 10:50:09,3574,25,N,13,3504,26,N,98
03-05-2022 10:50:24,3574,25,N,13,3505,26,N,98
03-05-2022 10:50:39,3575,25,N,13,3504,26,N,98
03-05-2022 10:50:54,3574,25,N,13,3506,26,N,98
03-05-2022 10:51:10,3574,25,N,13,3506,26,N,98
03-05-2022 10:51:25,3573,25,N,13,3505,26,N,98
03-05-2022 10:51:40,3575,25,N,13,3506,26,N,98
03-05-2022 10:51:55,3574,25,N,13,3506,26,N,98
03-05-2022 10:52:10,3573,25,N,13,3506,26,N,98
03-05-2022 10:52:25,3575,25,N,13,3503,26,N,98
03-05-2022 10:52:40,3573,25,N,13,3505,26,N,98
03-05-2022 10:52:55,3575,26,N,13,3505,26,N,98
03-05-2022 10:53:10,3574,26,N,13,3505,26,N,98
03-05-2022 10:53:26,3576,26,N,13,3504,26,N,98
03-05-2022 10:53:41,3573,26,N,13,3504,26,N,98
03-05-2022 10:53:56,3574,26,N,13,3504,26,N,98
03-05-2022 11:02:38,3575,26,N,13,3506,26,N,98
03-05-2022 11:02:53,3573,26,N,13,3505,26,N,98
03-05-2022 11:03:09,3575,26,N,13,3504,26,N,98
03-05-2022 11:03:24,3573,26,N,13,3506,26,N,98
03-05-2022 11:03:39,3574,26,N,13,3504,26,N,98
03-05-2022 11:03:54,3573,26,N,13,3505,26,N,98
03-05-2022 11:04:09,3573,26,N,13,3504,26,N,98
03-05-2022 11:04:24,3574,26,N,13,3504,26,N,98
03-05-2022 11:04:39,3574,26,N,13,3504,26,N,98
03-05-2022 11:04:54,3574,26,N,13,3504,26,N,98
03-05-2022 11:05:10,3573,26,N,13,3505,26,N,98
03-05-2022 11:05:25,3573,26,N,13,3505,26,N,98
03-05-2022 11:05:40,3575,26,N,13,3506,26,N,98
03-05-2022 11:05:55,3573,26,N,13,3505,26,N,98
03-05-2022 11:06:10,3574,26,N,13,3506,26,N,98
03-05-2022 11:06:25,3574,26,N,13,3503,26,N,98
03-05-2022 11:06:40,3573,26,N,13,3504,26,N,98
03-05-2022 11:06:56,3573,26,N,13,3505,26,N,98
03-05-2022 11:07:11,3573,26,N,13,3504,26,N,98
03-05-2022 11:07:26,3573,26,N,13,3506,26,N,98
03-05-2022 11:07:41,3573,26,N,13,3505,26,N,98
03-05-2022 11:07:56,3573,26,N,13,3505,26,N,98
03-05-2022 11:08:11,3573,26,N,13,3505,26,N,98
03-05-2022 11:08:26,3573,26,N,13,3504,26,N,98
03-05-2022 11:08:41,3573,26,N,13,3505,26,N,98
03-05-2022 11:08:57,3573,26,N,13,3506,26,N,98
03-05-2022 11:09:12,3573,26,N,13,3505,26,N,98
03-05-2022 11:09:27,3573,26,N,13,3505,26,N,98
03-05-2022 11:12:21,03-05-2022 11:12:36,3573,26,N,13,3506,26,N,98
03-05-2022 11:12:51,3573,26,N,13,3504,26,N,98
03-05-2022 11:13:06,3573,26,N,13,3507,26,N,98
03-05-2022 11:13:22,3573,26,N,13,3505,26,N,98
03-05-2022 11:13:37,3573,26,N,13,3505,26,N,98
03-05-2022 11:13:52,3574,26,N,13,3506,26,N,98
03-05-2022 11:14:07,3574,26,N,13,3504,26,N,98
03-05-2022 11:14:22,3573,26,N,13,3504,26,N,98
03-05-2022 11:14:37,3573,26,N,13,3506,26,N,98
03-05-2022 11:14:52,3573,26,N,13,3505,26,N,98
03-05-2022 11:15:07,3574,26,N,13,3504,26,N,98
03-05-2022 11:15:23,3573,26,N,13,3504,26,N,98
03-05-2022 11:15:38,3573,26,N,13,3504,26,N,98
03-05-2022 11:15:53,3573,26,N,13,3506,26,N,98
03-05-2022 11:16:08,3573,26,N,13,3507,26,N,98
03-05-2022 11:16:23,3573,26,N,13,3507,26,N,98
03-05-2022 11:16:38,3574,26,N,13,3505,26,N,98
03-05-2022 11:16:53,3573,26,N,13,3507,26,N,98
03-05-2022 11:17:09,3573,26,N,13,3505,26,N,98
03-05-2022 11:17:24,3575,26,N,13,3507,26,N,98
03-05-2022 11:17:39,3573,26,N,13,3504,26,N,98
03-05-2022 11:17:54,3573,26,N,13,3504,26,N,98
03-05-2022 11:18:09,3573,26,N,13,3505,26,N,98
03-05-2022 11:18:24,3574,26,N,13,3507,26,N,98
03-05-2022 11:18:39,3573,26,N,13,3504,26,N,98
03-05-2022 11:18:55,3573,26,N,13,3507,26,N,98
03-05-2022 11:19:10,3573,26,N,13,3506,26,N,98
03-05-2022 11:19:25,3573,26,N,13,3506,26,N,98
03-05-2022 11:19:40,3573,26,N,13,3507,26,N,98
03-05-2022 11:19:55,3573,26,N,13,3507,26,N,98
03-05-2022 11:20:10,3573,26,N,13,3505,26,N,98
03-05-2022 11:20:25,3573,26,N,13,3506,26,N,98
03-05-2022 11:20:40,3573,26,N,13,3505,26,N,98
03-05-2022 11:20:56,3574,26,N,13,3507,26,N,98
03-05-2022 11:21:11,3573,26,N,13,3506,26,N,98
03-05-2022 11:21:26,3573,26,N,13,3506,26,N,98
03-05-2022 11:21:41,3573,26,N,13,3506,26,N,98
03-05-2022 11:21:56,3574,26,N,13,3506,26,N,98
03-05-2022 11:22:11,3573,26,N,13,3505,26,N,98
03-05-2022 11:22:27,3573,26,N,13,3505,26,N,98
03-05-2022 11:22:42,3573,26,N,13,3505,26,N,98
03-05-2022 11:22:57,3573,26,N,13,3506,26,N,98
03-05-2022 11:23:12,3573,26,N,13,3505,26,N,98
03-05-2022 11:23:27,3573,26,N,13,3506,26,N,98
03-05-2022 11:23:42,3573,26,N,13,3505,26,N,98
03-05-2022 11:23:57,3573,26,N,13,3504,26,N,98
03-05-2022 11:24:12,3573,26,N,13,3506,26,N,98
03-05-2022 11:24:28,3573,26,N,13,3504,26,N,98
03-05-2022 11:24:43,3573,26,N,13,3506,26,N,98
03-05-2022 11:24:58,3573,26,N,13,3505,26,N,98
03-05-2022 11:25:13,3573,26,N,13,3506,26,N,98
03-05-2022 11:25:28,3573,26,N,13,3507,26,N,98
03-05-2022 11:25:43,3573,26,N,13,3505,26,N,98
03-05-2022 11:25:58,3573,26,N,13,3505,26,N,98
03-05-2022 11:26:14,3573,26,N,13,3507,26,N,98
03-05-2022 11:26:29,3573,26,N,13,3506,26,N,98
03-05-2022 11:26:44,3573,26,N,13,3504,26,N,98
03-05-2022 11:26:59,3573,26,N,13,3506,26,N,98
03-05-2022 11:27:14,3573,26,N,13,3505,26,N,98
03-05-2022 11:27:29,3573,26,N,13,3505,26,N,98
03-05-2022 11:27:44,3573,26,N,13,3505,26,N,98
03-05-2022 11:28:00,3573,26,N,13,3506,26,N,98
03-05-2022 11:28:15,3573,26,N,13,3504,26,N,98
03-05-2022 11:28:30,3573,26,N,13,3504,26,N,98
03-05-2022 11:28:45,3573,26,N,13,3507,26,N,98
03-05-2022 11:29:00,3573,26,N,13,3505,26,N,98
03-05-2022 11:29:15,3573,26,N,13,3505,26,N,98
03-05-2022 11:29:30,3573,26,N,13,3506,26,N,98
03-05-2022 11:29:45,3573,26,N,13,3505,26,N,98
03-05-2022 11:30:01,3573,26,N,13,3507,26,N,98
03-05-2022 11:30:16,3573,26,N,13,3506,26,N,98
03-05-2022 11:30:31,3573,26,N,13,3506,26,N,98
03-05-2022 11:30:46,3573,26,N,13,3506,26,N,98
03-05-2022 11:31:01,3573,26,N,13,3506,26,N,98
03-05-2022 11:31:16,3573,26,N,13,3506,26,N,98
03-05-2022 11:31:31,3573,26,N,13,3506,26,N,98
03-05-2022 11:31:46,3573,26,N,13,3506,26,N,98
03-05-2022 11:32:01,3573,26,N,13,3504,26,N,98
03-05-2022 11:32:16,3573,26,N,13,3505,26,N,98
03-05-2022 11:32:32,3573,26,N,13,3505,26,N,98
03-05-2022 11:32:47,3573,26,N,13,3506,26,N,98
03-05-2022 11:33:02,3573,26,N,13,3506,26,N,98
03-05-2022 11:33:17,3573,26,N,13,3507,26,N,98
03-05-2022 11:33:32,3573,26,N,13,3507,26,N,98
03-05-2022 11:33:47,3573,26,N,13,3505,26,N,98
03-05-2022 11:34:02,3573,26,N,13,3506,26,N,98
03-05-2022 11:34:17,3573,26,N,13,3506,26,N,98
03-05-2022 11:34:32,3573,26,N,13,3505,26,N,98
03-05-2022 11:34:47,3573,26,N,13,3505,26,N,98
03-05-2022 11:35:02,3573,26,N,13,3504,26,N,98
03-05-2022 11:35:18,3573,26,N,13,3505,26,N,98
03-05-2022 11:35:33,3573,26,N,13,3504,26,N,98
03-05-2022 11:35:48,3573,26,N,13,3505,26,N,98
03-05-2022 11:36:03,3573,26,N,13,3506,26,N,98
03-05-2022 11:36:18,3573,26,N,13,3505,26,N,98
03-05-2022 11:36:33,3573,26,N,13,3505,26,N,98
03-05-2022 11:36:48,3573,26,N,13,3504,26,N,98
03-05-2022 11:37:03,3573,26,N,13,3506,26,N,98
03-05-2022 11:37:18,3573,26,N,13,3505,26,N,98
03-05-2022 11:37:33,3573,26,N,13,3506,26,N,98
03-05-2022 11:37:48,3573,26,N,13,3504,26,N,98
03-05-2022 11:38:03,3573,26,N,13,3507,26,N,98
03-05-2022 11:38:18,3573,26,N,13,3506,26,N,98
03-05-2022 11:38:33,3573,26,N,13,3506,26,N,98
03-05-2022 11:38:49,3573,26,N,13,3506,26,N,98
03-05-2022 11:39:04,3573,26,N,13,3507,26,N,98
03-05-2022 11:39:19,3573,26,N,13,3506,26,N,98
03-05-2022 11:39:34,3573,26,N,13,3506,26,N,98
03-05-2022 11:39:49,3573,26,N,13,3506,26,N,98
03-05-2022 11:40:04,3573,26,N,13,3506,26,N,98
03-05-2022 11:40:19,3573,26,N,13,3505,26,N,98
03-05-2022 11:40:34,3573,26,N,13,3507,26,N,98
03-05-2022 11:40:49,3573,26,N,13,3506,26,N,98
03-05-2022 11:41:05,3573,26,N,13,3505,26,N,98
03-05-2022 11:41:20,3573,26,N,13,3506,26,N,98
03-05-2022 11:41:35,3573,26,N,13,3505,26,N,98
03-05-2022 11:41:50,3573,26,N,13,3507,26,N,98
03-05-2022 11:42:05,3573,26,N,13,3505,26,N,98
03-05-2022 11:42:20,3573,26,N,13,3505,26,N,98
03-05-2022 11:42:35,3573,26,N,13,3504,26,N,98
03-05-2022 11:42:50,3573,26,N,13,3504,26,N,98
03-05-2022 11:43:05,3573,26,N,13,3507,26,N,98
03-05-2022 11:43:21,3573,26,N,13,3505,26,N,98
03-05-2022 11:43:36,3573,26,N,13,3507,26,N,98
03-05-2022 11:43:51,3573,26,N,13,3505,26,N,98
03-05-2022 11:44:06,3573,26,N,13,3506,26,N,98
03-05-2022 11:44:21,3573,26,N,13,3507,26,N,98
03-05-2022 11:44:36,3573,26,N,13,3505,26,N,98
03-05-2022 11:44:51,3573,26,N,13,3506,26,N,98
03-05-2022 11:45:06,3573,26,N,13,3504,26,N,98
03-05-2022 11:45:21,3573,26,N,13,3506,26,N,98
03-05-2022 11:45:36,3573,26,N,13,3506,26,N,98
03-05-2022 11:47:53,3573,26,N,13,3507,26,N,98
03-05-2022 11:48:08,3573,26,N,13,3506,26,N,98
03-05-2022 11:48:23,3573,26,N,13,3504,26,N,98
03-05-2022 11:48:38,3573,26,N,13,3507,26,N,98
03-05-2022 11:48:53,3573,26,N,13,3507,26,N,98
03-05-2022 11:49:08,3573,26,N,13,3506,26,N,98
03-05-2022 11:49:23,3573,26,N,13,3506,26,N,98
03-05-2022 11:49:38,3573,26,N,13,3505,26,N,98
03-05-2022 11:49:53,3573,26,N,13,3507,26,N,98
03-05-2022 11:50:08,3573,26,N,13,3506,26,N,98
03-05-2022 11:50:23,3573,26,N,13,3505,26,N,98
03-05-2022 11:50:38,3573,26,N,13,3505,26,N,98
03-05-2022 11:50:53,3573,26,N,13,3505,26,N,98
03-05-2022 11:51:08,3573,26,N,13,3505,26,N,98
03-05-2022 11:51:23,3573,26,N,13,3506,26,N,98
03-05-2022 11:51:38,3573,26,N,13,3506,26,N,98
03-05-2022 11:51:53,3573,26,N,13,3505,26,N,98
03-05-2022 11:52:08,3573,26,N,13,3505,26,N,98
03-05-2022 11:52:24,3573,26,N,13,3507,26,N,98
03-05-2022 11:52:39,3573,26,N,13,3507,26,N,98
03-05-2022 11:52:54,3573,26,N,13,3507,26,N,98
03-05-2022 11:53:09,3573,26,N,13,3505,26,N,98
03-05-2022 11:53:24,3573,26,N,13,3507,26,N,98
03-05-2022 11:53:39,3573,26,N,13,3505,26,N,98
03-05-2022 11:53:54,3573,26,N,13,3507,26,N,98
03-05-2022 11:54:09,3573,26,N,13,3507,26,N,98
03-05-2022 11:54:24,3573,26,N,13,3506,26,N,98
03-05-2022 11:54:39,3573,26,N,13,3506,26,N,98
03-05-2022 11:54:54,3573,26,N,13,3507,26,N,98
03-05-2022 11:55:09,3573,26,N,13,3506,26,N,98
03-05-2022 11:55:24,3573,26,N,13,3506,26,N,98
03-05-2022 11:55:39,0,0,N,0,0,0,N,0
03-05-2022 11:55:54,3573,26,N,13,3506,26,N,98
03-05-2022 11:56:09,3573,26,N,13,3507,26,N,98
03-05-2022 11:56:24,3573,26,N,13,3506,26,N,98
03-05-2022 11:56:39,3573,26,N,13,3506,26,N,98
03-05-2022 11:56:55,3573,26,N,13,3504,26,N,98
03-05-2022 11:57:10,3573,26,N,13,3506,26,N,98
03-05-2022 11:57:25,3573,26,N,13,3507,26,N,98
03-05-2022 11:57:40,3573,26,N,13,3504,26,N,98
03-05-2022 11:57:55,3573,26,N,13,3505,26,N,98
03-05-2022 11:58:10,3573,26,N,13,3506,26,N,98
03-05-2022 11:58:25,3573,26,N,13,3507,26,N,98
03-05-2022 11:58:40,3573,26,N,13,3505,26,N,98
03-05-2022 11:58:55,3573,26,N,13,3506,26,N,98
03-05-2022 11:59:11,3573,26,N,13,3506,26,N,98
03-05-2022 11:59:26,3573,26,N,13,3506,26,N,98
03-05-2022 11:59:41,3573,26,N,13,3506,26,N,98
03-05-2022 11:59:56,3573,26,N,13,3507,26,N,98
03-05-2022 12:00:11,3573,26,N,13,3507,26,N,98
03-05-2022 12:00:26,3573,26,N,13,3506,26,N,98
03-05-2022 12:01:33,03-05-2022 12:11:27,3573,26,N,13,3506,26,N,98
03-05-2022 12:11:42,3573,26,N,13,3503,26,N,98
03-05-2022 12:11:58,3573,26,N,13,3505,26,N,98
03-05-2022 12:12:13,3573,26,N,13,3507,26,N,98
03-05-2022 12:12:28,3573,26,N,13,3505,26,N,98
03-05-2022 12:12:43,3573,26,N,13,3504,26,N,98
03-05-2022 12:12:58,3573,26,N,13,3506,26,N,98
03-05-2022 12:13:13,3573,26,N,13,3507,26,N,98
03-05-2022 12:13:28,3573,26,N,13,3504,26,N,98
03-05-2022 12:13:44,3573,26,N,13,3506,26,N,98
03-05-2022 12:13:59,3573,26,N,13,3506,26,N,98
03-05-2022 12:14:14,3573,26,N,13,3506,26,N,98
03-05-2022 12:14:29,3573,26,N,13,3506,26,N,98
03-05-2022 12:14:44,3573,26,N,13,3507,26,N,98
03-05-2022 12:14:59,3573,26,N,13,3507,26,N,98
03-05-2022 12:15:14,3573,26,N,13,3506,26,N,98
03-05-2022 12:15:29,3573,26,N,13,3506,26,N,98
03-05-2022 12:15:45,3573,26,N,13,3507,26,N,98
03-05-2022 12:16:00,3573,26,N,13,3504,26,N,98
03-05-2022 12:16:15,3573,26,N,13,3504,26,N,98
03-05-2022 12:16:30,3573,26,N,13,3505,26,N,98
03-05-2022 12:16:45,3573,26,N,13,3506,26,N,98
03-05-2022 12:17:00,3573,26,N,13,3507,26,N,98
03-05-2022 12:17:15,3573,26,N,13,3504,26,N,98
03-05-2022 12:17:31,3573,26,N,13,3506,26,N,98
03-05-2022 12:17:46,3573,26,N,13,3504,26,N,98
03-05-2022 12:18:01,3573,26,N,13,3504,26,N,98
03-05-2022 12:18:16,3573,26,N,13,3506,26,N,98
03-05-2022 12:18:31,3573,26,N,13,3506,26,N,98
03-05-2022 12:18:46,3573,26,N,13,3504,26,N,98
03-05-2022 12:19:01,3573,26,N,13,3505,26,N,98
03-05-2022 12:19:16,3573,26,N,13,3504,26,N,98
03-05-2022 12:19:32,3573,26,N,13,3506,26,N,98
03-05-2022 12:19:47,3573,26,N,13,3505,26,N,98
03-05-2022 12:20:02,3573,26,N,13,3507,26,N,98
03-05-2022 12:20:17,3573,26,N,13,3506,26,N,98
03-05-2022 12:20:32,3573,26,N,13,3507,26,N,98
03-05-2022 12:20:47,3573,26,N,13,3506,26,N,98
03-05-2022 12:21:02,3573,26,N,13,3507,26,N,98
03-05-2022 12:21:17,3573,26,N,13,3507,26,N,98
03-05-2022 12:21:32,3573,26,N,13,3505,26,N,98
03-05-2022 12:21:47,3573,26,N,13,3506,26,N,98
03-05-2022 12:22:03,3573,26,N,13,3506,26,N,98
03-05-2022 12:22:18,3573,26,N,13,3507,26,N,98
03-05-2022 12:22:33,3573,26,N,13,3505,26,N,98
03-05-2022 12:22:48,3573,26,N,13,3505,26,N,98
03-05-2022 12:23:03,3573,26,N,13,3505,26,N,98
03-05-2022 12:23:18,3573,26,N,13,3507,26,N,98
03-05-2022 12:23:33,3573,26,N,13,3506,26,N,98
03-05-2022 12:23:48,3573,26,N,13,3505,26,N,98
03-05-2022 12:24:04,3573,26,N,13,3505,26,N,98
03-05-2022 12:24:19,3573,26,N,13,3506,26,N,98
03-05-2022 12:24:34,3573,26,N,13,3506,26,N,98
03-05-2022 12:24:49,3573,26,N,13,3505,26,N,98
03-05-2022 12:25:04,3573,26,N,13,3507,26,N,98
03-05-2022 12:25:19,3573,26,N,13,3506,26,N,98
03-05-2022 12:25:34,3573,26,N,13,3507,26,N,98
03-05-2022 12:25:50,3573,26,N,13,3506,26,N,98
03-05-2022 12:26:05,3573,26,N,13,3506,26,N,98
03-05-2022 12:26:20,3573,26,N,13,3504,26,N,98
03-05-2022 12:26:35,3573,26,N,13,3505,26,N,98
03-05-2022 12:26:50,3573,26,N,13,3506,26,N,98
03-05-2022 12:27:05,3573,26,N,13,3506,26,N,98
03-05-2022 12:27:20,3573,26,N,13,3507,26,N,98
03-05-2022 12:27:35,3573,26,N,13,3507,26,N,98
03-05-2022 12:27:51,3573,26,N,13,3505,26,N,98
03-05-2022 12:28:06,3573,26,N,13,3507,26,N,98
03-05-2022 12:28:21,3573,26,N,13,3507,26,N,98
03-05-2022 12:28:36,3573,26,N,13,3506,26,N,98
03-05-2022 12:28:51,3573,26,N,13,3507,26,N,98
03-05-2022 12:29:06,3573,26,N,13,3507,26,N,98
03-05-2022 12:29:21,3573,26,N,13,3507,26,N,98
03-05-2022 12:29:36,3573,26,N,13,3506,26,N,98
03-05-2022 12:29:52,3573,26,N,13,3506,26,N,98
03-05-2022 12:30:07,3573,26,N,13,3505,26,N,98
03-05-2022 12:30:22,3573,26,N,13,3506,26,N,98
03-05-2022 12:30:37,3573,26,N,13,3504,26,N,98
03-05-2022 12:30:52,3573,26,N,13,3507,26,N,98
03-05-2022 12:31:07,3573,26,N,13,3507,26,N,98
03-05-2022 12:31:22,3573,26,N,13,3505,26,N,98
03-05-2022 12:31:37,3573,26,N,13,3507,26,N,98
03-05-2022 12:31:53,3573,26,N,13,3504,26,N,98
03-05-2022 12:32:08,3573,26,N,13,3505,26,N,98
03-05-2022 12:32:23,3573,26,N,13,3505,26,N,98
03-05-2022 12:32:38,3573,26,N,13,3505,26,N,98
03-05-2022 12:32:53,3574,26,N,13,3507,26,N,98
03-05-2022 12:33:08,3573,26,N,13,3506,26,N,98
03-05-2022 12:33:23,3573,26,N,13,3505,26,N,98
03-05-2022 12:33:38,3573,26,N,13,3507,26,N,98
03-05-2022 12:33:54,3573,26,N,13,3507,26,N,98
03-05-2022 12:34:09,3573,26,N,13,3506,26,N,98
03-05-2022 12:34:24,3573,26,N,13,3505,26,N,98
03-05-2022 12:34:39,3573,26,N,13,3507,26,N,98
03-05-2022 12:34:54,3573,26,N,13,3507,26,N,98
03-05-2022 12:35:09,3573,26,N,13,3507,26,N,98
03-05-2022 12:35:24,3573,26,N,13,3505,26,N,98
03-05-2022 12:35:40,3573,26,N,13,3504,26,N,98
03-05-2022 12:35:55,3573,26,N,13,3506,26,N,98
03-05-2022 12:36:10,3573,26,N,13,3504,26,N,98
03-05-2022 12:36:25,3573,26,N,13,3507,26,N,98
03-05-2022 12:36:40,3573,26,N,13,3507,26,N,98
03-05-2022 12:36:55,3573,26,N,13,3506,26,N,98
03-05-2022 12:37:11,3573,26,N,13,3507,26,N,98
03-05-2022 12:37:26,3573,26,N,13,3506,26,N,98
03-05-2022 12:37:41,3573,26,N,13,3507,26,N,98
03-05-2022 12:37:56,3573,26,N,13,3505,26,N,98
03-05-2022 12:38:11,3573,26,N,13,3505,26,N,98
03-05-2022 12:38:26,3573,26,N,13,3507,26,N,98
03-05-2022 12:38:41,3573,26,N,13,3505,26,N,98
03-05-2022 12:38:57,3573,26,N,13,3507,26,N,98
03-05-2022 12:39:12,3573,26,N,13,3507,26,N,98
03-05-2022 12:39:27,3573,26,N,13,3505,26,N,98
03-05-2022 12:39:42,3573,26,N,13,3507,26,N,98
03-05-2022 12:39:57,3573,26,N,13,3507,26,N,98
03-05-2022 12:40:12,3573,26,N,13,3505,26,N,98
03-05-2022 12:40:27,3573,26,N,13,3507,26,N,98
03-05-2022 12:40:43,3573,26,N,13,3504,26,N,98
03-05-2022 12:40:58,3573,26,N,13,3506,26,N,98
03-05-2022 12:41:13,3573,26,N,13,3506,26,N,98
03-05-2022 12:41:28,3573,25,N,13,3507,26,N,98
03-05-2022 12:41:43,3573,25,N,13,3507,26,N,98
03-05-2022 12:41:58,3573,25,N,13,3507,26,N,98
03-05-2022 12:42:13,3573,25,N,13,3507,26,N,98
03-05-2022 12:42:28,3573,25,N,13,3506,25,N,98
03-05-2022 12:42:44,3573,25,N,13,3507,25,N,98
03-05-2022 12:42:59,3573,25,N,13,3507,25,N,98
03-05-2022 12:43:14,3573,25,N,13,3507,25,N,98
03-05-2022 12:43:29,3573,25,N,13,3507,25,N,98
03-05-2022 12:43:44,3573,25,N,13,3506,25,N,98
03-05-2022 12:43:59,3573,25,N,13,3506,25,N,98
03-05-2022 12:44:14,3573,25,N,13,3506,25,N,98
03-05-2022 12:44:30,3573,25,N,13,3507,25,N,98
03-05-2022 12:44:45,3573,25,N,13,3507,25,N,98
03-05-2022 12:45:00,3573,25,N,13,3506,25,N,98
03-05-2022 12:45:15,3573,25,N,13,3507,25,N,98
03-05-2022 12:45:30,3573,25,N,13,3506,25,N,98
03-05-2022 12:45:45,3573,25,N,13,3507,25,N,98
03-05-2022 12:46:00,3573,25,N,13,3506,25,N,98
03-05-2022 12:46:16,3573,25,N,13,3507,25,N,98
03-05-2022 12:46:31,3573,25,N,13,3507,25,N,98
03-05-2022 12:46:46,3573,25,N,13,3507,25,N,98
03-05-2022 12:47:01,3573,25,N,13,3507,25,N,98
03-05-2022 12:47:16,3573,25,N,13,3507,25,N,98
03-05-2022 12:47:31,3573,25,N,13,3507,25,N,98
03-05-2022 12:47:46,3573,25,N,13,3507,25,N,98
03-05-2022 12:48:02,3573,25,N,13,3507,25,N,98
03-05-2022 12:48:17,3573,25,N,13,3507,25,N,98
03-05-2022 12:48:32,3573,25,N,13,3507,25,N,98
03-05-2022 12:48:47,3573,25,N,13,3507,25,N,98
03-05-2022 12:49:02,3573,25,N,13,3507,25,N,98
03-05-2022 12:49:17,3573,25,N,13,3507,25,N,98
03-05-2022 12:49:32,3573,25,N,13,3507,25,N,98
03-05-2022 12:49:48,3573,25,N,13,3507,25,N,98
03-05-2022 12:50:03,3573,25,N,13,3506,25,N,98
03-05-2022 12:50:18,3573,25,N,13,3506,25,N,98
03-05-2022 12:50:33,3573,25,N,13,3507,25,N,98
03-05-2022 12:50:48,3573,25,N,13,3507,25,N,98
03-05-2022 12:51:03,3573,25,N,13,3507,25,N,98
03-05-2022 12:51:18,3574,25,N,13,3507,25,N,98
03-05-2022 12:51:33,3573,25,N,13,3507,25,N,98
03-05-2022 12:51:49,3573,25,N,13,3506,25,N,98
03-05-2022 12:52:04,3573,25,N,13,3507,25,N,98
03-05-2022 12:52:19,3573,25,N,13,3507,25,N,98
03-05-2022 12:52:34,3573,25,N,13,3505,25,N,98
03-05-2022 12:52:49,3573,25,N,13,3507,25,N,98
03-05-2022 12:53:04,3573,25,N,13,3505,25,N,98
03-05-2022 12:53:19,3573,25,N,13,3507,25,N,98
03-05-2022 12:53:35,3573,25,N,13,3507,25,N,98
03-05-2022 12:53:50,3573,25,N,13,3507,25,N,98
03-05-2022 12:54:05,3573,25,N,13,3507,25,N,98
03-05-2022 12:54:20,3573,25,N,13,3507,25,N,98
03-05-2022 12:54:35,3573,25,N,13,3507,25,N,98
03-05-2022 12:54:50,3573,25,N,13,3507,25,N,98
03-05-2022 12:55:05,3573,25,N,13,3507,25,N,98
03-05-2022 12:55:21,3573,25,N,13,3507,25,N,98
03-05-2022 12:55:36,3573,25,N,13,3507,25,N,98
03-05-2022 12:55:51,3573,25,N,13,3507,25,N,98
03-05-2022 12:56:06,3573,25,N,13,3507,25,N,98
03-05-2022 12:56:21,3573,25,N,13,3506,25,N,98
03-05-2022 12:56:36,3573,25,N,13,3505,25,N,98
03-05-2022 12:56:51,3573,25,N,13,3507,25,N,98
03-05-2022 12:57:06,3573,25,N,13,3506,25,N,98
03-05-2022 12:57:21,3573,25,N,13,3507,25,N,98
03-05-2022 12:57:37,3573,25,N,13,3507,25,N,98
03-05-2022 12:57:52,3573,25,N,13,3506,25,N,98
03-05-2022 12:58:07,3573,25,N,13,3507,25,N,98
03-05-2022 12:58:22,3573,25,N,13,3507,25,N,98
03-05-2022 12:58:37,3573,25,N,13,3506,25,N,98
03-05-2022 12:58:52,3573,25,N,13,3507,25,N,98
03-05-2022 12:59:08,3573,25,N,13,3506,25,N,98
03-05-2022 12:59:23,3573,25,N,13,3505,25,N,98
03-05-2022 12:59:38,3573,25,N,13,3507,25,N,98
03-05-2022 12:59:53,3572,25,N,13,3506,25,N,98
03-05-2022 13:00:08,3573,25,N,13,3506,25,N,98
03-05-2022 13:00:23,3573,25,N,13,3507,25,N,98
03-05-2022 13:00:38,3573,25,N,13,3506,25,N,98
03-05-2022 13:00:54,3573,25,N,13,3507,25,N,98
03-05-2022 13:01:09,3573,25,N,13,3507,25,N,98
03-05-2022 13:01:24,3573,25,N,13,3506,25,N,98
03-05-2022 13:01:39,3573,25,N,13,3507,25,N,98
03-05-2022 13:01:54,3573,25,N,13,3506,25,N,98
03-05-2022 13:02:09,3573,25,N,13,3507,25,N,98
03-05-2022 13:02:24,3573,25,N,13,3507,25,N,98
03-05-2022 13:02:40,3573,25,N,13,3506,25,N,98
03-05-2022 13:02:55,3573,25,N,13,3506,25,N,98
03-05-2022 13:03:10,3573,25,N,13,3506,25,N,98
03-05-2022 13:03:25,3573,25,N,13,3506,25,N,98
03-05-2022 13:03:40,3573,25,N,13,3507,25,N,98
03-05-2022 13:03:55,3573,25,N,13,3507,25,N,98
03-05-2022 13:04:10,3573,25,N,13,3506,25,N,98
03-05-2022 13:04:26,3573,25,N,13,3507,25,N,98
03-05-2022 13:04:41,3573,25,N,13,3507,25,N,98
03-05-2022 13:04:56,3573,25,N,13,3506,25,N,98
03-05-2022 13:05:11,3573,25,N,13,3506,25,N,98
03-05-2022 13:05:26,3573,25,N,13,3507,25,N,98
03-05-2022 13:05:41,3573,25,N,13,3505,25,N,98
03-05-2022 13:05:56,3573,25,N,13,3507,25,N,98
03-05-2022 13:06:12,3573,25,N,13,3506,25,N,98
03-05-2022 13:06:27,3573,25,N,13,3506,25,N,98
03-05-2022 13:06:42,3573,25,N,13,3507,25,N,98
03-05-2022 13:06:57,3573,25,N,13,3506,25,N,98
03-05-2022 13:07:12,3573,25,N,13,3506,25,N,98
03-05-2022 13:07:27,3573,25,N,13,3507,25,N,98
03-05-2022 13:07:43,3573,25,N,13,3507,25,N,98
03-05-2022 13:07:58,3573,25,N,13,3506,25,N,98
03-05-2022 13:08:13,3573,25,N,13,3507,25,N,98
03-05-2022 13:08:28,3573,25,N,13,3507,25,N,98
03-05-2022 13:08:43,3573,25,N,13,3507,25,N,98
03-05-2022 13:08:58,3573,25,N,13,3507,25,N,98
03-05-2022 13:09:13,3573,25,N,13,3506,25,N,98
03-05-2022 13:09:29,3573,25,N,13,3507,25,N,98
03-05-2022 13:09:44,3573,25,N,13,3506,25,N,98
03-05-2022 13:09:59,3573,25,N,13,3507,25,N,98
03-05-2022 13:10:14,3573,25,N,13,3507,25,N,98
03-05-2022 13:10:29,3573,25,N,13,3506,25,N,98
03-05-2022 13:10:44,3573,25,N,13,3506,25,N,98
03-05-2022 13:11:00,3573,25,N,13,3507,25,N,98
03-05-2022 13:11:15,3573,25,N,13,3507,25,N,98
03-05-2022 13:11:30,3573,25,N,13,3507,25,N,98
03-05-2022 13:11:45,3573,25,N,13,3507,25,N,98
03-05-2022 13:12:00,3573,25,N,13,3506,25,N,98
03-05-2022 13:12:15,3573,25,N,13,3507,25,N,98
03-05-2022 13:12:30,3573,25,N,13,3507,25,N,98
03-05-2022 13:12:46,3573,25,N,13,3507,25,N,98
03-05-2022 13:13:01,3573,25,N,13,3507,25,N,98
03-05-2022 13:13:16,3573,25,N,13,3507,25,N,98
03-05-2022 13:13:31,3573,25,N,13,3507,25,N,98
03-05-2022 13:13:46,3573,25,N,13,3507,25,N,98
03-05-2022 13:14:01,3573,25,N,13,3507,25,N,98
03-05-2022 13:14:17,3573,25,N,13,3507,25,N,98
03-05-2022 13:14:32,3573,25,N,13,3507,25,N,98
03-05-2022 13:14:47,3573,25,N,13,3507,25,N,98
03-05-2022 13:15:02,3572,25,N,13,3507,25,N,98
03-05-2022 13:15:17,3573,25,N,13,3507,25,N,98
03-05-2022 13:15:32,3573,25,N,13,3507,25,N,98
03-05-2022 13:15:47,3573,25,N,13,3507,25,N,98
03-05-2022 13:16:03,3573,25,N,13,3507,25,N,98
03-05-2022 13:16:18,3573,25,N,13,3506,25,N,98
03-05-2022 13:16:33,3573,25,N,13,3506,25,N,98
03-05-2022 13:16:48,3573,25,N,13,3507,25,N,98
03-05-2022 13:17:03,3573,25,N,13,3507,25,N,98
03-05-2022 13:17:18,3573,25,N,13,3507,25,N,98
03-05-2022 13:17:34,3573,25,N,13,3506,25,N,98
03-05-2022 13:17:49,3573,25,N,13,3507,25,N,98
03-05-2022 13:18:04,3573,25,N,13,3507,25,N,98
03-05-2022 13:18:19,3573,25,N,13,3507,25,N,98
03-05-2022 13:18:34,3573,25,N,13,3507,25,N,98
03-05-2022 13:18:49,3573,25,N,13,3507,25,N,98
03-05-2022 13:19:04,3573,25,N,13,3505,25,N,98
03-05-2022 13:19:20,3573,25,N,13,3507,25,N,98
03-05-2022 13:19:35,3573,25,N,13,3507,25,N,98
03-05-2022 13:19:50,3573,25,N,13,3507,25,N,98
03-05-2022 13:20:05,3573,25,N,13,3507,25,N,98
03-05-2022 13:20:20,3573,25,N,13,3507,25,N,98
03-05-2022 13:20:35,3573,25,N,13,3507,25,N,98
03-05-2022 13:20:50,3573,25,N,13,3507,25,N,98
03-05-2022 13:21:06,3573,25,N,13,3507,25,N,98
03-05-2022 13:21:21,3573,25,N,13,3507,25,N,98
03-05-2022 13:21:36,3573,25,N,13,3507,25,N,98
03-05-2022 13:21:51,3572,25,N,13,3507,25,N,98
03-05-2022 13:22:06,3573,25,N,13,3507,25,N,98
03-05-2022 13:22:21,3573,25,N,13,3507,25,N,98
03-05-2022 13:22:37,3573,25,N,13,3507,25,N,98
03-05-2022 13:22:52,3573,25,N,13,3507,25,N,98
03-05-2022 13:23:07,3573,25,N,13,3507,25,N,98
03-05-2022 13:23:22,3573,25,N,13,3507,25,N,98
03-05-2022 13:23:37,3571,25,N,13,3507,25,N,98
03-05-2022 13:23:52,3573,25,N,13,3506,25,N,98
03-05-2022 13:24:07,3573,25,N,13,3506,25,N,98
03-05-2022 13:24:23,3573,25,N,13,3507,25,N,98
03-05-2022 13:24:38,3572,25,N,13,3507,25,N,98
03-05-2022 13:24:53,3573,25,N,13,3507,25,N,98
03-05-2022 13:25:08,3573,25,N,13,3507,25,N,98
03-05-2022 13:25:23,3573,25,N,13,3506,25,N,98
03-05-2022 13:25:38,3572,25,N,13,3507,25,N,98
03-05-2022 13:25:53,3571,25,N,13,3507,25,N,98
03-05-2022 13:26:08,3573,25,N,13,3506,25,N,98
03-05-2022 13:26:23,3572,25,N,13,3507,25,N,98
03-05-2022 13:26:38,3573,25,N,13,3506,25,N,98
03-05-2022 13:26:53,3571,25,N,13,3507,25,N,98
03-05-2022 13:27:08,3573,25,N,13,3507,25,N,98
03-05-2022 13:27:23,3573,25,N,13,3506,25,N,98
03-05-2022 13:27:38,3573,25,N,13,3507,25,N,98
03-05-2022 13:27:53,3573,25,N,13,3507,25,N,98
03-05-2022 13:28:09,3573,25,N,13,3507,25,N,98
03-05-2022 13:28:24,3573,25,N,13,3507,25,N,98
03-05-2022 13:28:39,3573,25,N,13,3506,25,N,98
03-05-2022 13:28:54,3572,25,N,13,3506,25,N,98
03-05-2022 13:29:09,3570,25,N,13,3507,25,N,98
03-05-2022 13:29:24,3572,25,N,13,3506,25,N,98
03-05-2022 13:29:39,3572,25,N,13,3507,25,N,98
03-05-2022 13:29:54,3571,25,N,13,3506,25,N,98
03-05-2022 13:30:10,3572,25,N,13,3507,25,N,98
03-05-2022 13:30:25,3573,25,N,13,3507,25,N,98
03-05-2022 13:30:40,3571,25,N,13,3507,25,N,98
03-05-2022 13:30:55,3571,25,N,13,3507,25,N,98
03-05-2022 13:31:10,3571,25,N,13,3507,25,N,98
03-05-2022 13:31:25,3572,25,N,13,3505,25,N,98
03-05-2022 13:31:40,3572,25,N,13,3506,25,N,98
03-05-2022 13:31:55,3573,25,N,13,3507,25,N,98
03-05-2022 13:32:11,3572,25,N,13,3507,25,N,98
03-05-2022 13:32:26,3572,25,N,13,3507,25,N,98
03-05-2022 13:32:41,3571,25,N,13,3506,25,N,98
03-05-2022 13:32:56,3572,25,N,13,3506,25,N,98
03-05-2022 13:33:11,3573,25,N,13,3507,25,N,98
03-05-2022 13:33:26,3573,25,N,13,3507,25,N,98
03-05-2022 13:33:41,3573,25,N,13,3506,25,N,98
03-05-2022 13:33:57,3571,25,N,13,3507,25,N,98
03-05-2022 13:34:12,3571,25,N,13,3507,25,N,98
03-05-2022 13:34:27,3573,25,N,13,3506,25,N,98
03-05-2022 13:34:42,3571,25,N,13,3507,25,N,98
03-05-2022 13:34:57,3573,25,N,13,3507,25,N,98
03-05-2022 13:35:12,3573,25,N,13,3507,25,N,98
03-05-2022 13:35:27,3572,25,N,13,3507,25,N,98
03-05-2022 13:35:42,3572,25,N,13,3506,25,N,98
03-05-2022 13:35:58,3573,25,N,13,3506,25,N,98
03-05-2022 13:36:13,3571,25,N,13,3507,25,N,98
03-05-2022 13:36:28,3572,25,N,13,3507,25,N,98
03-05-2022 13:36:43,3573,25,N,13,3506,25,N,98
03-05-2022 13:36:58,3572,25,N,13,3507,25,N,98
03-05-2022 13:37:13,3570,25,N,13,3507,25,N,98
03-05-2022 13:37:28,3572,25,N,13,3507,25,N,98
03-05-2022 13:37:43,3571,25,N,13,3506,25,N,98
03-05-2022 13:37:58,3573,25,N,13,3507,25,N,98
03-05-2022 13:38:13,3571,25,N,13,3507,25,N,98
03-05-2022 13:38:28,3572,25,N,13,3507,25,N,98
03-05-2022 13:38:44,3572,25,N,13,3507,25,N,98
03-05-2022 13:38:59,3570,25,N,13,3507,25,N,98
03-05-2022 13:39:14,3573,25,N,13,3507,25,N,98
03-05-2022 13:39:29,3572,25,N,13,3507,25,N,98
03-05-2022 13:39:44,3572,25,N,13,3507,25,N,98
03-05-2022 13:39:59,3571,25,N,13,3507,25,N,98
03-05-2022 13:40:14,3573,25,N,13,3507,25,N,98
03-05-2022 13:40:29,3572,25,N,13,3507,25,N,98
03-05-2022 13:40:44,3571,25,N,13,3507,25,N,98
03-05-2022 13:40:59,3573,25,N,13,3506,25,N,98
03-05-2022 13:44:20,3572,25,N,13,3506,25,N,98
03-05-2022 13:44:35,3571,25,N,13,3507,25,N,98
03-05-2022 13:44:50,3571,25,N,13,3506,25,N,98
03-05-2022 13:45:05,3571,25,N,13,3506,25,N,98
03-05-2022 13:45:21,3573,25,N,13,3507,25,N,98
03-05-2022 13:45:50,3572,25,N,13,3506,25,N,98
03-05-2022 13:46:51,3569,25,N,13,3507,25,N,98
03-05-2022 13:47:06,3570,25,N,13,3507,25,N,98
03-05-2022 13:47:40,3571,25,N,13,3506,25,N,98
03-05-2022 13:47:55,3571,25,N,13,3507,25,N,98
03-05-2022 13:48:27,3571,25,N,13,3505,25,N,98
03-05-2022 13:48:46,3571,25,N,13,3506,25,N,98
03-05-2022 13:50:08,3571,25,N,13,3507,25,N,98
03-05-2022 13:50:24,3570,25,N,13,3506,25,N,98
03-05-2022 13:50:39,3571,25,N,13,3506,25,N,98
03-05-2022 13:50:54,3570,25,N,13,3507,25,N,98
03-05-2022 13:51:09,3570,25,N,13,3507,25,N,98
03-05-2022 13:51:24,3571,25,N,13,3505,25,N,98
03-05-2022 13:51:39,3571,25,N,13,3506,25,N,98
03-05-2022 13:51:54,3571,25,N,13,3507,25,N,98
03-05-2022 13:52:09,3570,25,N,13,3506,25,N,98
03-05-2022 13:52:24,3570,25,N,13,3506,25,N,98
03-05-2022 13:52:39,3570,25,N,13,3506,25,N,98
03-05-2022 13:52:54,3569,25,N,13,3504,25,N,98
03-05-2022 13:53:09,3569,25,N,13,3506,25,N,98
03-05-2022 13:53:25,3573,25,N,13,3506,25,N,98
03-05-2022 13:53:40,3569,25,N,13,3507,25,N,98
03-05-2022 13:53:55,3570,25,N,13,3506,25,N,98
03-05-2022 13:54:10,3571,25,N,13,3507,25,N,98
03-05-2022 13:54:25,3571,25,N,13,3507,25,N,98
03-05-2022 13:54:40,3571,26,N,13,3507,25,N,98
03-05-2022 13:54:55,3570,26,N,13,3506,25,N,98
03-05-2022 13:55:10,3569,26,N,13,3506,25,N,98
03-05-2022 13:55:25,3570,26,N,13,3507,25,N,98
03-05-2022 13:55:40,3571,26,N,13,3506,25,N,98
03-05-2022 13:55:56,3571,26,N,13,3507,25,N,98
03-05-2022 13:56:11,3570,26,N,13,3506,25,N,98
03-05-2022 13:56:26,3569,26,N,13,3506,25,N,98
03-05-2022 13:56:41,3569,25,N,13,3504,25,N,98
03-05-2022 13:56:56,3570,26,N,13,3506,25,N,98
03-05-2022 13:57:11,3569,26,N,13,3507,25,N,98
03-05-2022 13:57:26,3569,26,N,13,3506,25,N,98
03-05-2022 13:57:41,3569,26,N,13,3504,25,N,98
03-05-2022 13:57:56,3569,26,N,13,3506,25,N,98
03-05-2022 13:58:20,3569,26,N,13,3506,25,N,98
03-05-2022 13:58:35,3569,26,N,13,3506,25,N,98
03-05-2022 13:58:50,3569,26,N,13,3506,25,N,98
03-05-2022 13:59:05,3569,26,N,13,3506,25,N,98
03-05-2022 13:59:20,3569,26,N,13,3506,25,N,98
03-05-2022 13:59:36,3569,26,N,13,3506,25,N,98
03-05-2022 13:59:51,3569,26,N,13,3506,25,N,98
03-05-2022 14:00:06,3569,26,N,13,3506,25,N,98
03-05-2022 14:00:21,3569,26,N,13,3506,25,N,98
03-05-2022 14:00:36,3569,26,N,13,3506,25,N,98
03-05-2022 14:00:51,3569,26,N,13,3506,25,N,98
03-05-2022 14:01:06,3569,26,N,13,3506,25,N,98
03-05-2022 14:01:21,3569,26,N,13,3506,25,N,98
03-05-2022 14:01:36,3569,26,N,13,3506,25,N,98
03-05-2022 14:01:51,3569,26,N,13,3506,25,N,98
03-05-2022 14:02:07,3569,26,N,13,3506,25,N,98
03-05-2022 14:02:22,3569,26,N,13,3506,25,N,98
03-05-2022 14:02:37,3569,26,N,13,3506,25,N,98
03-05-2022 14:02:52,3569,26,N,13,3506,25,N,98
03-05-2022 14:03:07,3569,26,N,13,3506,25,N,98
03-05-2022 14:03:22,3569,26,N,13,3506,25,N,98
03-05-2022 14:03:37,3569,26,N,13,3506,25,N,98
03-05-2022 14:03:52,3569,26,N,13,3506,25,N,98
03-05-2022 14:04:07,3569,26,N,13,3506,25,N,98
03-05-2022 14:04:22,3569,26,N,13,3506,25,N,98
03-05-2022 14:04:37,3569,26,N,13,3506,25,N,98
03-05-2022 14:04:53,3569,26,N,13,3506,25,N,98
03-05-2022 14:05:08,3569,26,N,13,3506,25,N,98
03-05-2022 14:05:23,3569,26,N,13,3506,25,N,98
03-05-2022 14:05:38,3569,26,N,13,3506,25,N,98
03-05-2022 14:05:53,3569,26,N,13,3506,25,N,98
03-05-2022 14:06:08,3569,26,N,13,3506,25,N,98
03-05-2022 14:06:23,3569,26,N,13,3506,25,N,98
03-05-2022 14:06:38,3569,26,N,13,3506,25,N,98
03-05-2022 14:07:44,3569,26,N,13,3506,25,N,98
03-05-2022 14:08:43,3569,26,N,13,3506,25,N,98
03-05-2022 14:08:58,3569,26,N,13,3506,25,N,98
03-05-2022 14:09:26,3569,25,N,13,3507,25,N,98
03-05-2022 14:09:41,3569,25,N,13,3507,25,N,98
03-05-2022 14:09:57,3569,25,N,13,3507,25,N,98
03-05-2022 14:10:12,3569,25,N,13,3507,25,N,98
03-05-2022 14:10:27,3569,25,N,13,3507,25,N,98
03-05-2022 14:10:42,3569,25,N,13,3507,25,N,98
03-05-2022 14:10:57,3569,25,N,13,3507,25,N,98
03-05-2022 14:11:12,3569,25,N,13,3507,25,N,98
03-05-2022 14:11:27,3569,25,N,13,3507,25,N,98
03-05-2022 14:11:42,3569,25,N,13,3507,25,N,98
03-05-2022 14:12:58,3569,25,N,13,3507,25,N,98
03-05-2022 14:13:13,3570,25,N,13,3507,25,N,98
03-05-2022 14:13:28,3570,25,N,13,3507,25,N,98
03-05-2022 14:13:43,3570,25,N,13,3507,25,N,98
03-05-2022 14:13:59,3570,25,N,13,3507,25,N,98
03-05-2022 14:14:14,3570,25,N,13,3507,25,N,98
03-05-2022 14:14:29,3570,25,N,13,3507,25,N,98
03-05-2022 14:14:44,3570,25,N,13,3507,25,N,98
03-05-2022 14:14:59,3570,25,N,13,3507,25,N,98
03-05-2022 14:15:14,3570,25,N,13,3507,25,N,98
03-05-2022 14:15:29,3570,25,N,13,3507,25,N,98
03-05-2022 14:15:44,3570,25,N,13,3507,25,N,98
03-05-2022 14:15:59,3570,25,N,13,3507,25,N,98
03-05-2022 14:16:14,0,0,N,13,0,0,N,98
03-05-2022 14:16:29,3569,26,N,13,3506,25,N,98
03-05-2022 14:16:45,3569,26,N,13,3507,25,N,98
03-05-2022 14:17:00,3569,26,N,13,3506,25,N,98
03-05-2022 14:17:15,3569,26,N,13,3507,25,N,98
03-05-2022 14:17:30,3569,26,N,13,3505,25,N,98
03-05-2022 14:17:45,3570,26,N,13,3507,25,N,98
03-05-2022 14:18:00,3569,26,N,13,3506,25,N,98
03-05-2022 14:18:15,3569,26,N,13,3506,25,N,98
03-05-2022 14:18:30,3570,26,N,13,3506,26,N,98
03-05-2022 14:18:45,3570,26,N,13,3506,26,N,98
03-05-2022 14:19:00,3570,26,N,13,3506,26,N,98
03-05-2022 14:19:15,3570,26,N,13,3506,26,N,98
03-05-2022 14:19:42,3569,26,N,13,3506,26,N,98
03-05-2022 14:19:57,3569,26,N,13,3507,26,N,98
03-05-2022 14:20:12,3569,26,N,13,3507,26,N,98
03-05-2022 14:20:27,3569,26,N,13,3507,26,N,98
03-05-2022 14:20:43,3569,26,N,13,3507,26,N,98
03-05-2022 14:20:58,3569,26,N,13,3507,26,N,98
03-05-2022 14:21:13,3569,26,N,13,3507,26,N,98
03-05-2022 14:21:28,3569,26,N,13,3507,26,N,98
03-05-2022 14:21:43,3569,26,N,13,3507,26,N,98
03-05-2022 14:21:58,3569,26,N,13,3507,26,N,98
03-05-2022 14:22:13,3569,26,N,13,3507,26,N,98
03-05-2022 14:22:28,3569,26,N,13,3507,26,N,98
03-05-2022 14:22:43,3569,26,N,13,3507,26,N,98
03-05-2022 14:23:37,3569,26,N,13,3505,26,N,98
03-05-2022 14:23:52,3569,26,N,13,3507,26,N,98
03-05-2022 14:24:07,3569,26,N,13,3507,26,N,98
03-05-2022 14:24:22,3569,26,N,13,3507,26,N,98
03-05-2022 14:24:37,3569,26,N,13,3507,26,N,98
03-05-2022 14:25:28,3569,26,N,13,3507,25,N,98
03-05-2022 14:25:43,3569,25,N,13,3507,25,N,98
03-05-2022 14:25:58,3569,25,N,13,3507,25,N,98
03-05-2022 14:26:13,3569,25,N,13,3507,25,N,98
03-05-2022 14:26:28,3569,25,N,13,3507,25,N,98
03-05-2022 14:26:43,3569,25,N,13,3507,25,N,98
03-05-2022 14:26:59,3569,25,N,13,3506,25,N,98
03-05-2022 14:27:14,3569,25,N,13,3506,25,N,98
03-05-2022 14:27:29,3569,25,N,13,3507,25,N,98
03-05-2022 14:27:44,3569,25,N,13,3505,25,N,98
03-05-2022 14:27:59,3569,25,N,13,3507,25,N,98
03-05-2022 14:28:14,3570,25,N,13,3506,25,N,98
03-05-2022 14:28:29,3569,25,N,13,3507,25,N,98
03-05-2022 14:28:44,3569,25,N,13,3506,25,N,98
03-05-2022 14:28:59,3569,25,N,13,3507,25,N,98
03-05-2022 14:29:14,3569,25,N,13,3506,25,N,98
03-05-2022 14:29:29,3569,25,N,13,3507,25,N,98
03-05-2022 14:29:44,3569,25,N,13,3507,25,N,98
03-05-2022 14:29:59,3569,25,N,13,3507,25,N,98
03-05-2022 14:30:14,3569,25,N,13,3506,25,N,98
03-05-2022 14:30:29,3569,25,N,13,3506,25,N,98
03-05-2022 14:30:44,3569,25,N,13,3507,25,N,98
03-05-2022 14:30:59,3569,25,N,13,3507,25,N,98
03-05-2022 14:31:14,3569,25,N,13,3507,25,N,98
03-05-2022 14:31:29,3569,25,N,13,3507,25,N,98
03-05-2022 14:31:44,3569,25,N,13,3506,25,N,98
03-05-2022 14:31:59,3569,25,N,13,3507,25,N,98
03-05-2022 14:32:14,3569,25,N,13,3507,25,N,98
03-05-2022 14:32:29,3569,25,N,13,3503,25,N,98
03-05-2022 14:32:44,3569,25,Y,13,3506,25,Y,98
03-05-2022 14:33:00,3516,25,Y,16,3494,26,Y,101
03-05-2022 14:33:15,3547,26,Y,16,3494,27,Y,101
03-05-2022 14:33:30,3529,31,Y,21,3495,28,Y,101
03-05-2022 14:33:45,3525,33,Y,21,3503,28,Y,101
03-05-2022 14:34:00,3537,35,Y,25,3490,28,Y,104
03-05-2022 14:34:15,3530,37,Y,25,3494,29,Y,104
03-05-2022 14:34:30,3529,38,Y,28,3494,30,Y,104
03-05-2022 14:34:45,3527,39,Y,28,3499,30,N,104
03-05-2022 14:35:00,3525,40,Y,31,3488,30,Y,106
03-05-2022 14:35:15,3525,41,Y,31,3490,31,Y,106
03-05-2022 14:35:30,3525,42,Y,33,3493,31,Y,108
03-05-2022 14:35:45,3523,41,Y,33,3494,31,Y,108
03-05-2022 14:36:01,3521,43,Y,36,3499,31,N,108
03-05-2022 14:36:16,3525,43,Y,36,3499,31,N,108
03-05-2022 14:36:31,3521,43,Y,39,3486,30,Y,109
03-05-2022 14:36:46,3525,43,Y,39,3490,31,Y,109
03-05-2022 14:37:01,3525,42,Y,42,3490,31,Y,111
03-05-2022 14:37:16,3525,42,Y,42,3490,32,Y,111
03-05-2022 14:37:31,3525,42,Y,44,3499,31,N,111
03-05-2022 14:37:46,3524,42,Y,44,3499,31,N,111
03-05-2022 14:38:01,3525,42,Y,47,3499,30,N,111
03-05-2022 14:38:16,3524,42,Y,47,3499,30,N,111
03-05-2022 14:38:31,3525,42,Y,50,3502,30,Y,112
03-05-2022 14:38:46,3525,42,Y,50,3490,31,Y,112
03-05-2022 14:39:02,3522,42,Y,52,3490,31,Y,114
03-05-2022 14:39:17,3525,41,Y,52,3490,31,Y,114
03-05-2022 14:39:32,3525,41,Y,55,3499,31,N,114
03-05-2022 14:39:47,3522,42,Y,55,3499,31,N,114
03-05-2022 14:40:02,3521,42,Y,57,3499,30,N,114
03-05-2022 14:40:17,3521,42,Y,57,3499,30,N,114
03-05-2022 14:40:32,3521,42,Y,60,3499,30,N,114
03-05-2022 14:40:47,3521,42,Y,60,3500,29,N,114
03-05-2022 14:41:02,3516,43,Y,62,3500,29,N,114
03-05-2022 14:41:17,3514,43,Y,62,3501,29,Y,114
03-05-2022 14:41:32,3512,43,Y,65,3490,29,Y,117
03-05-2022 14:41:47,3507,43,Y,65,3490,30,Y,117
03-05-2022 14:42:02,3512,43,Y,67,3490,31,Y,117
03-05-2022 14:42:18,3513,42,Y,67,3499,31,N,117
03-05-2022 14:42:33,3517,42,Y,70,3499,30,N,117
03-05-2022 14:42:48,3516,42,Y,70,3499,30,N,117
03-05-2022 14:43:03,3516,41,Y,72,3499,29,N,117
03-05-2022 14:43:18,3513,42,Y,72,3499,29,N,117
03-05-2022 14:43:33,3512,42,Y,74,3499,29,N,117
03-05-2022 14:43:48,3508,42,Y,74,3499,29,N,117
03-05-2022 14:44:03,3510,42,Y,77,3499,28,N,117
03-05-2022 14:44:18,3509,42,Y,77,3499,28,N,117
03-05-2022 14:44:33,3509,42,Y,80,3499,28,N,117
03-05-2022 14:44:48,3512,42,Y,80,3499,28,N,117
03-05-2022 14:45:03,3508,42,Y,82,3499,28,N,117
03-05-2022 14:45:19,3512,42,Y,82,3499,28,N,117
03-05-2022 14:45:34,3509,42,Y,85,3499,27,N,117
03-05-2022 14:45:49,3512,42,Y,85,3499,27,N,117
03-05-2022 14:46:04,3511,42,Y,87,3500,27,N,117
03-05-2022 14:46:19,3509,42,Y,87,3499,27,N,117
03-05-2022 14:46:34,3507,42,Y,90,3489,28,Y,119
03-05-2022 14:46:49,3507,42,Y,90,3490,28,Y,119
03-05-2022 14:47:04,3503,41,Y,92,3490,29,Y,121
03-05-2022 14:47:19,3503,41,Y,92,3490,29,Y,121
03-05-2022 14:47:34,3503,40,Y,95,3499,29,N,121
03-05-2022 14:47:49,3503,41,Y,95,3499,29,N,121
03-05-2022 14:48:04,3509,40,Y,97,3499,29,N,121
03-05-2022 14:48:20,3507,41,Y,97,3499,29,N,121
03-05-2022 14:48:35,3507,41,Y,100,3499,28,N,121
03-05-2022 14:48:50,3507,41,Y,100,3499,28,N,121
03-05-2022 14:49:05,3507,42,Y,103,3499,28,N,121
03-05-2022 14:49:20,3507,42,Y,103,3499,28,N,121
03-05-2022 14:49:35,3503,42,Y,105,3499,28,N,121
03-05-2022 14:49:50,3490,42,Y,105,3499,28,N,121
03-05-2022 14:50:05,3504,42,Y,108,3499,27,N,121
03-05-2022 14:50:20,3505,43,Y,108,3499,27,N,121
03-05-2022 14:50:36,3503,43,Y,110,3499,27,N,121
03-05-2022 14:50:51,3504,43,Y,113,3499,27,N,121
03-05-2022 14:51:06,3503,43,Y,113,3499,27,N,121
03-05-2022 14:51:21,3503,44,Y,113,3499,27,N,121
03-05-2022 14:51:36,3503,43,Y,116,3499,27,N,121
03-05-2022 14:51:51,3503,43,Y,118,3499,27,N,121
03-05-2022 14:52:06,3503,43,Y,118,3499,27,N,121
03-05-2022 14:52:21,3503,43,Y,121,3499,27,N,121
03-05-2022 14:52:37,3503,43,Y,121,3499,27,N,121
03-05-2022 14:52:52,3503,43,Y,121,3499,27,N,121
03-05-2022 14:53:07,3503,43,Y,123,3501,26,Y,121
03-05-2022 14:53:22,3503,43,Y,126,3489,27,Y,124
03-05-2022 14:53:37,3502,43,Y,126,3490,28,Y,124
03-05-2022 14:53:52,3502,43,Y,129,3490,29,Y,124
03-05-2022 14:54:07,3502,43,Y,129,3499,29,N,124
03-05-2022 14:54:22,3502,43,Y,131,3499,29,N,124
03-05-2022 14:54:37,3501,43,Y,131,3499,29,N,124
03-05-2022 14:54:52,3501,43,Y,134,3499,29,N,124
03-05-2022 14:55:07,3502,43,Y,134,3499,28,N,124
03-05-2022 14:55:22,3503,43,Y,137,3499,28,N,124
03-05-2022 14:55:37,3497,43,Y,137,3499,28,N,124
03-05-2022 14:55:52,3502,43,Y,137,3499,28,N,124
03-05-2022 14:56:07,3502,43,Y,140,3499,27,N,124
03-05-2022 14:56:22,3501,44,Y,142,3499,27,N,124
03-05-2022 14:56:37,3501,44,Y,142,3499,27,N,124
03-05-2022 14:56:52,3499,44,Y,145,3499,27,N,124
03-05-2022 14:57:07,3501,44,Y,145,3499,27,N,124
03-05-2022 14:57:22,3501,43,Y,145,3499,27,N,124
03-05-2022 14:57:38,3499,42,Y,148,3499,27,N,124
03-05-2022 14:57:53,3500,42,Y,150,3499,27,N,124
03-05-2022 14:58:08,3499,42,Y,150,3499,26,N,124
03-05-2022 14:58:23,3502,42,Y,154,3499,26,N,124
03-05-2022 14:58:38,3499,42,Y,154,3499,26,N,124
03-05-2022 14:58:53,3499,43,Y,155,3499,26,N,124
03-05-2022 14:59:08,3499,42,Y,155,3499,26,N,124
03-05-2022 14:59:23,3499,42,Y,157,3499,26,N,124
03-05-2022 14:59:38,3502,42,Y,157,3499,26,N,124
03-05-2022 14:59:53,3496,43,Y,160,3499,26,N,124
03-05-2022 15:00:08,3499,42,Y,160,3499,26,N,124
03-05-2022 15:00:23,3499,41,Y,161,3499,26,N,124
03-05-2022 15:00:38,3496,41,Y,161,3499,26,N,124
03-05-2022 15:00:53,3499,41,Y,164,3499,26,N,124
03-05-2022 15:01:08,3499,41,Y,164,3499,26,N,124
03-05-2022 15:01:23,3501,41,Y,166,3499,26,N,124
03-05-2022 15:01:38,3499,40,Y,166,3499,26,N,124
03-05-2022 15:01:53,3499,40,Y,167,3499,26,N,124
03-05-2022 15:02:09,3499,40,Y,167,3499,26,N,124
03-05-2022 15:02:24,3507,39,N,167,3499,26,N,124
03-05-2022 15:02:39,3499,38,Y,168,3499,26,N,124
03-05-2022 15:02:54,3499,38,Y,170,3499,26,N,124
03-05-2022 15:03:09,3499,38,Y,170,3499,26,N,124
03-05-2022 15:03:24,3501,37,Y,172,3499,26,N,124
